"ID","Response_type","Potential.HLA.restriction","Sequence","Protein","Gene","sequence_len","gene_stop","gene_start","protein_start","pep_positions"
0,"CD4","DRB1*0101,*0701,*0803,*1501,,DQA1*0501/DQB1*0301,*0102/*0602","NHNFLVQAGNVQLRV","nsp5","ORF1a",15,3340,3326,64,",3326,3327,3328,3329,3330,3331,3332,3333,3334,3335,3336,3337,3338,3339,3340,"
1,"CD4","DRB1*0101,*0103,*0404,*1102,*1303,*1401,*1501,*1602,,DQA1*0101/DQB1*0501,*0102/*0502","SFIEDLLFNKVTLAD","Spike","Spike",15,830,816,816,",816,817,818,819,820,821,822,823,824,825,826,827,828,829,830,"
2,"CD4","DRB1*0701,,DQA1*0201/DQB1*0202","SPLYAFASEAARVVR","nsp2","ORF1a",15,545,531,352,",531,532,533,534,535,536,537,538,539,540,541,542,543,544,545,"
3,"CD4","DRB1*0701,,DQA1*0201/DQB1*0202","SDFVRATATIPIQAS","ORF3a","ORF3a",15,40,26,26,",26,27,28,29,30,31,32,33,34,35,36,37,38,39,40,"
4,"CD4/undetermined","DRB1*0803,*1501","QPTESIVRFPNITNL","Spike","Spike",15,335,321,321,",321,322,323,324,325,326,327,328,329,330,331,332,333,334,335,"
6,"CD4/undetermined","DRB1*0101,*0701,*0803,*1102,*1301,*1302,*1303,*1501,,DQA1*0101/DQB1*0501,*0102/*0602,*0103/*0603","TRFQTLLALHRSYLT","Spike","Spike",15,250,236,236,",236,237,238,239,240,241,242,243,244,245,246,247,248,249,250,"
7,"CD4","DRB1*0301","SNFRVQPTESIVRFP","Spike","Spike",15,330,316,316,",316,317,318,319,320,321,322,323,324,325,326,327,328,329,330,"
8,"CD4","DRB1*0410,*0701,,DQA1*0201/DQB1*0202,*0301/*0302","EEIAIILASFSASTS","nsp2","ORF1a",15,485,471,292,",471,472,473,474,475,476,477,478,479,480,481,482,483,484,485,"
9,"CD4","DRB1*1303","MFHLVDFQVTIAEIL","ORF6","ORF6",15,15,1,1,",1,2,3,4,5,6,7,8,9,10,11,12,13,14,15,"
10,"CD4","DRB1*0301,,DQA1*0501/DQB1*0201,*0201/*0202,*0101/*0501","KPSKRSFIEDLLFNK","Spike","Spike",15,825,811,811,",811,812,813,814,815,816,817,818,819,820,821,822,823,824,825,"
11,"CD4","DRB1*0101,*0901,,DQA1*0301/DQB1*0303,*0301/*0402,*0102/*0602,*0102/*0604","TQLNRALTGIAVEQD","Spike","Spike",15,775,761,761,",761,762,763,764,765,766,767,768,769,770,771,772,773,774,775,"
12,"CD4","","NFSQILPDPSKPSKR","Spike","Spike",15,815,801,801,",801,802,803,804,805,806,807,808,809,810,811,812,813,814,815,"
13,"CD4","","NNATNVVIKVCEFQF","Spike","Spike",15,135,121,121,",121,122,123,124,125,126,127,128,129,130,131,132,133,134,135,"
14,"CD4","DRB1*1101,*1303,,DQA1*0102/DQB1*0602","AQALNTLVKQLSSNF","Spike","Spike",15,970,956,956,",956,957,958,959,960,961,962,963,964,965,966,967,968,969,970,"
15,"CD4","","IVRFPNITNLCPFGE","Spike","Spike",15,340,326,326,",326,327,328,329,330,331,332,333,334,335,336,337,338,339,340,"
17,"CD4","DRB1*1302","LNEVAKNLNESLIDL","Spike","Spike",15,1200,1186,1186,",1186,1187,1188,1189,1190,1191,1192,1193,1194,1195,1196,1197,1198,1199,1200,"
18,"CD4","DQA1*0102/DQB1*0604","CTFEYVSQPFLMDLE","Spike","Spike",15,180,166,166,",166,167,168,169,170,171,172,173,174,175,176,177,178,179,180,"
20,"CD4","DRB1*0101,*0103,*0701,*0803,*1501,,DQA1*0201/DQB1*0202,*0101/*0501,*0102/*0602","NRYFRLTLGVYDYLV","nsp6","ORF1a",15,3815,3801,233,",3801,3802,3803,3804,3805,3806,3807,3808,3809,3810,3811,3812,3813,3814,3815,"
21,"CD4","DRB1*0101,*1501,,DQA1*0101/DQB1*0501","NLLLQYGSFCTQLNR","Spike","Spike",15,765,751,751,",751,752,753,754,755,756,757,758,759,760,761,762,763,764,765,"
23,"CD4","DRB1*1101,,DQA1*0101/DQB1*0501","DAALALLLLDRLNQL","N","N",15,230,216,216,",216,217,218,219,220,221,222,223,224,225,226,227,228,229,230,"
24,"CD8","","SVASQSIIAYTMSLG","Spike","Spike",15,700,686,686,",686,687,688,689,690,691,692,693,694,695,696,697,698,699,700,"
25,"CD4","DRB1*0701,*1301,,DQA1*0103/DQB1*0603","SLLIVNNATNVVIKV","Spike","Spike",15,130,116,116,",116,117,118,119,120,121,122,123,124,125,126,127,128,129,130,"
27,"CD4","DRB1*0101,*0301,*1101,*1303","VQIDRLITGRLQSLQ","Spike","Spike",15,1005,991,991,",991,992,993,994,995,996,997,998,999,1000,1001,1002,1003,1004,1005,"
28,"CD4/undetermined","DRB1*0101,*0803,*1101,*1303,*1501,,DQA1*0501/DQB1*0301,*0102/*0602","VFNATRFASVYAWNR","Spike","Spike",15,355,341,341,",341,342,343,344,345,346,347,348,349,350,351,352,353,354,355,"
29,"CD4","DRB1*0101,*0701","PLNSIIKTIQPRVEK","nsp2","ORF1a",15,290,276,97,",276,277,278,279,280,281,282,283,284,285,286,287,288,289,290,"
30,"CD4","DRB1*0404,*1001,,DQA1*0101/DQB1*0501","APHGVVFLHVTYVPA","Spike","Spike",15,1070,1056,1056,",1056,1057,1058,1059,1060,1061,1062,1063,1064,1065,1066,1067,1068,1069,1070,"
31,"CD4","DRB1*0103,*0701,*1501,,DQA1*0201/DQB1*0202,*0101/*0501","TFKVSIWNLDYIINL","ORF6","ORF6",15,35,21,21,",21,22,23,24,25,26,27,28,29,30,31,32,33,34,35,"
32,"CD4","DQA1*0201/DQB1*0202,*0101/*0501","KVTFFPDLNGDVVAI","nsp3","ORF1a",15,1970,1956,1139,",1956,1957,1958,1959,1960,1961,1962,1963,1964,1965,1966,1967,1968,1969,1970,"
33,"CD4","","AQYTSALLAGTITSG","Spike","Spike",15,885,871,871,",871,872,873,874,875,876,877,878,879,880,881,882,883,884,885,"
34,"CD4/undetermined","DRB1*0101,*0803,*1101,*1102,*1303,,DQA1*0501/DQB1*0301,*0102/*0602","CPFGEVFNATRFASV","Spike","Spike",15,350,336,336,",336,337,338,339,340,341,342,343,344,345,346,347,348,349,350,"
35,"CD4","","ELDKYFKNHTSPDVD","Spike","Spike",15,1165,1151,1151,",1151,1152,1153,1154,1155,1156,1157,1158,1159,1160,1161,1162,1163,1164,1165,"
36,"CD4","","FTVEKGIYQTSNFRV","Spike","Spike",15,320,306,306,",306,307,308,309,310,311,312,313,314,315,316,317,318,319,320,"
37,"CD4","DQA1*0201/DQB1*0202,*0101/*0501","CEFQFCNDPFLGVYY","Spike","Spike",15,145,131,131,",131,132,133,134,135,136,137,138,139,140,141,142,143,144,145,"
38,"CD4","DRB1*0101,*1101","LAILTALRLCAYCCN","E","E",15,45,31,31,",31,32,33,34,35,36,37,38,39,40,41,42,43,44,45,"
39,"CD4","","VFAQVKQIYKTPPIK","Spike","Spike",15,795,781,781,",781,782,783,784,785,786,787,788,789,790,791,792,793,794,795,"
40,"CD4","DRB1*0101,*0701,*1102,*1501","LLALHRSYLTPGDSS","Spike","Spike",15,255,241,241,",241,242,243,244,245,246,247,248,249,250,251,252,253,254,255,"
41,"CD4/undetermined","DRB1*0701,*1102,*1301,*1303,,DQA1*0103/DQB1*0603","IGINITRFQTLLALH","Spike","Spike",15,245,231,231,",231,232,233,234,235,236,237,238,239,240,241,242,243,244,245,"
42,"CD4","DQA1*0103/DQB1*0603","AYSNNSIAIPTNFTI","Spike","Spike",15,720,706,706,",706,707,708,709,710,711,712,713,714,715,716,717,718,719,720,"
43,"CD4","DRB1*0410,*0701,*0901,,DQA1*0201/DQB1*0202,*0301/*0402","KHFYWFFSNYLKRRV","nsp4","ORF1a",15,3165,3151,389,",3151,3152,3153,3154,3155,3156,3157,3158,3159,3160,3161,3162,3163,3164,3165,"
44,"CD4","DQA1*0501/DQB1*0301","GINASVVNIQKEIDR","Spike","Spike",15,1185,1171,1171,",1171,1172,1173,1174,1175,1176,1177,1178,1179,1180,1181,1182,1183,1184,1185,"
45,"CD4 and CD8DRB1*0103,*0701,,DQA1*0201/DQB1*0202,*0101/*0501","","SIIAYTMSLGAENSV","Spike","Spike",15,705,691,691,",691,692,693,694,695,696,697,698,699,700,701,702,703,704,705,"
46,"CD4","DRB1*1102,*1303","YIINLIIKNLSKSLT","ORF6","ORF6",15,45,31,31,",31,32,33,34,35,36,37,38,39,40,41,42,43,44,45,"
47,"CD4","DRB1*0701","GETFVTHSKGLYRKC","nsp2","ORF1a",15,720,706,527,",706,707,708,709,710,711,712,713,714,715,716,717,718,719,720,"
49,"CD4","DRB1*0101,,DQA1*0501/DQB1*0301","WTFGAGAALQIPFAM","Spike","Spike",15,900,886,886,",886,887,888,889,890,891,892,893,894,895,896,897,898,899,900,"
51,"CD4","DRB1*0701,*1301,,DQA1*0103/DQB1*0603","ALLAVFQSASKIITL","ORF3a","ORF3a",15,65,51,51,",51,52,53,54,55,56,57,58,59,60,61,62,63,64,65,"
52,"CD4","DRB1*1101,,DQA1*0101/DQB1*0501","LLLLDRLNQLESKMS","N","N",15,235,221,221,",221,222,223,224,225,226,227,228,229,230,231,232,233,234,235,"
53,"CD4","DQA1*0101/DQB1*0501","GAISSVLNDILSRLD","Spike","Spike",15,985,971,971,",971,972,973,974,975,976,977,978,979,980,981,982,983,984,985,"
54,"CD4","DRB1*0103,*0701","PSGTWLTYTGAIKLD","N","N",15,340,326,326,",326,327,328,329,330,331,332,333,334,335,336,337,338,339,340,"
56,"CD4","DRB1*0103,*0701,,DQA1*0101/DQB1*0501","QTFFKLVNKFLALCA","nsp2","ORF1a",15,690,676,497,",676,677,678,679,680,681,682,683,684,685,686,687,688,689,690,"
57,"CD4","DRB1*0410,,DQA1*0201/DQB1*0202,*0301/*0302,*0301/*0402","SHNIALIWNVKDFMS","nsp3","ORF1a",15,2720,2706,1889,",2706,2707,2708,2709,2710,2711,2712,2713,2714,2715,2716,2717,2718,2719,2720,"
58,"CD4","DRB1*0410","QNCVLKLKVDTANPK","nsp5","ORF1a",15,3360,3346,84,",3346,3347,3348,3349,3350,3351,3352,3353,3354,3355,3356,3357,3358,3359,3360,"
59,"CD4","DRB1*0410,*0701,,DQA1*0201/DQB1*0202,*0301/*0302","FGEYSHVVAFNTLLF","nsp4","ORF1a",15,3085,3071,309,",3071,3072,3073,3074,3075,3076,3077,3078,3079,3080,3081,3082,3083,3084,3085,"
60,"CD4","DQA1*0201/DQB1*0202,*010","SIAIPTNFTISVTTE","Spike","Spike",15,725,711,711,",711,712,713,714,715,716,717,718,719,720,721,722,723,724,725,"
61,"CD4","","LPQGFSALEPLVDLP","Spike","Spike",15,230,216,216,",216,217,218,219,220,221,222,223,224,225,226,227,228,229,230,"
62,"CD4","DRB1*0103,*0701,,DQA1*0201/DQB1*0202,*0101/*0501","LFVAAIFYLITPVHV","nsp4","ORF1a",15,2795,2781,19,",2781,2782,2783,2784,2785,2786,2787,2788,2789,2790,2791,2792,2793,2794,2795,"
63,"CD4","DRB1*0101,,DQA1*0102/DQB1*0602","FNFNGLTGTGVLTES","Spike","Spike",15,555,541,541,",541,542,543,544,545,546,547,548,549,550,551,552,553,554,555,"
64,"CD4","DRB1*0410,*0701","LEASFNYLKSPNFSK","nsp3","ORF1a",15,2225,2211,1394,",2211,2212,2213,2214,2215,2216,2217,2218,2219,2220,2221,2222,2223,2224,2225,"
66,"CD4","DRB1*0101,*1101,,DQA1*0501/DQB1*0301","GSLIYSTAALGVLMS","nsp3","ORF1a",15,2255,2241,1424,",2241,2242,2243,2244,2245,2246,2247,2248,2249,2250,2251,2252,2253,2254,2255,"
68,"CD4","DRB1*0101,*1501,,DQA1*0101/DQB1*0501","IWNLDYIINLIIKNL","ORF6","ORF6",15,40,26,26,",26,27,28,29,30,31,32,33,34,35,36,37,38,39,40,"
69,"CD4","DRB1*1102,*1303","GGNYNYLYRLFRKSN","Spike","Spike",15,460,446,446,",446,447,448,449,450,451,452,453,454,455,456,457,458,459,460,"
71,"CD4","DRB1*0701,*0901,,DQA1*0301/DQB1*0402","KKRWQLALSKGVHFV","ORF3a","ORF3a",15,80,66,66,",66,67,68,69,70,71,72,73,74,75,76,77,78,79,80,"
72,"CD4","DRB1*0101,*1501,,DQA1*0102/DQB1*0602","LITGRLQSLQTYVTQ","Spike","Spike",15,1010,996,996,",996,997,998,999,1000,1001,1002,1003,1004,1005,1006,1007,1008,1009,1010,"
73,"CD4","DRB1*0101,*1101,,DQA1*0101/DQB1*0501","LIIMRTFKVSIWNLD","ORF6","ORF6",15,30,16,16,",16,17,18,19,20,21,22,23,24,25,26,27,28,29,30,"
74,"CD4","DRB1*0410,*0701,,DQA1*0201/DQB1*0202,*0301/*0302","TDEMIAQYTSALLAG","Spike","Spike",15,880,866,866,",866,867,868,869,870,871,872,873,874,875,876,877,878,879,880,"
75,"CD4","DQA1*0101/DQB1*0501","HWFVTQRNFYEPQII","Spike","Spike",15,1115,1101,1101,",1101,1102,1103,1104,1105,1106,1107,1108,1109,1110,1111,1112,1113,1114,1115,"
79,"Undetermin","ed,DRB1*0103,*0701","TIAYIICISTKHFYW","nsp4","ORF1a",15,3155,3141,379,",3141,3142,3143,3144,3145,3146,3147,3148,3149,3150,3151,3152,3153,3154,3155,"
80,"CD4","DRB1*0103,*0701","DDQIGYYRRATRRIR","N","N",15,95,81,81,",81,82,83,84,85,86,87,88,89,90,91,92,93,94,95,"
81,"CD4","DRB1*0101,,DQA1*0101/DQB1*0501","FNCYFPLQSYGFQPT","Spike","Spike",15,500,486,486,",486,487,488,489,490,491,492,493,494,495,496,497,498,499,500,"
82,"CD4","DRB1*0101,*1501,,DQA1*0101/DQB1*0501,*0102/*0602","CAQKFNGLTVLPPLL","Spike","Spike",15,865,851,851,",851,852,853,854,855,856,857,858,859,860,861,862,863,864,865,"
83,"CD4","","STECSNLLLQYGSFC","Spike","Spike",15,760,746,746,",746,747,748,749,750,751,752,753,754,755,756,757,758,759,760,"
84,"Undetermin","ed,DRB1*1102,*1303","RFASVYAWNRKRISN","Spike","Spike",15,360,346,346,",346,347,348,349,350,351,352,353,354,355,356,357,358,359,360,"
85,"CD4","DRB1*1501","NIDGYFKIYSKHTPI","Spike","Spike",15,210,196,196,",196,197,198,199,200,201,202,203,204,205,206,207,208,209,210,"
86,"CD4","DRB1*0803,,DQA1*0501/DQB1*0301,*0102/*0602","AENSVAYSNNSIAIP","Spike","Spike",15,715,701,701,",701,702,703,704,705,706,707,708,709,710,711,712,713,714,715,"
88,"CD4","DRB1*0101,*1101,,DQA1*0101/DQB1*0501","CTFLLNKEMYLKLRS","nsp4","ORF1a",15,3195,3181,419,",3181,3182,3183,3184,3185,3186,3187,3188,3189,3190,3191,3192,3193,3194,3195,"
89,"CD4","DRB1*0901,,DQA1*0301/DQB1*0303,*0301/*0402","YGSFCTQLNRALTGI","Spike","Spike",15,770,756,756,",756,757,758,759,760,761,762,763,764,765,766,767,768,769,770,"
90,"CD4","DRB1*0701","NELSRVLGLKTLATH","nsp3","ORF1a",15,2125,2111,1294,",2111,2112,2113,2114,2115,2116,2117,2118,2119,2120,2121,2122,2123,2124,2125,"
91,"CD4","DRB1*0101,*1101","DAFKLNIKLLGVGGK","nsp6","ORF1a",15,3850,3836,268,",3836,3837,3838,3839,3840,3841,3842,3843,3844,3845,3846,3847,3848,3849,3850,"
92,"CD4","DRB1*0101,*1101,,DQA1*0101/DQB1*0501","IPFAMQMAYRFNGIG","Spike","Spike",15,910,896,896,",896,897,898,899,900,901,902,903,904,905,906,907,908,909,910,"
94,"CD4/undetermined","DRB1*0101,*1303","GIYQTSNFRVQPTES","Spike","Spike",15,325,311,311,",311,312,313,314,315,316,317,318,319,320,321,322,323,324,325,"
95,"CD4","","ENLLLYIDINGNLHP","nsp3","ORF1a",15,1265,1251,434,",1251,1252,1253,1254,1255,1256,1257,1258,1259,1260,1261,1262,1263,1264,1265,"
97,"CD4","DQA1*0501/DQB1*0301","LGDISGINASVVNIQ","Spike","Spike",15,1180,1166,1166,",1166,1167,1168,1169,1170,1171,1172,1173,1174,1175,1176,1177,1178,1179,1180,"
98,"CD4","DRB1*0701","VLLPLVSSQCVNLTT","Spike","Spike",15,20,6,6,",6,7,8,9,10,11,12,13,14,15,16,17,18,19,20,"
99,"CD4","DRB1*0103,*0701,,DQA1*0201/DQB1*0202,*0101/*0501","VLSFCAFAVDAAKAY","nsp10","ORF1a",15,4280,4266,14,",4266,4267,4268,4269,4270,4271,4272,4273,4274,4275,4276,4277,4278,4279,4280,"
100,"CD4","DRB1*0701,,DQA1*0201/DQB1*0202","LLVLVQSTQWSLFFF","nsp6","ORF1a",15,3605,3591,23,",3591,3592,3593,3594,3595,3596,3597,3598,3599,3600,3601,3602,3603,3604,3605,"
101,"CD4","DRB1*0701,*1301","QSINFVRIIMRLWLC","ORF3a","ORF3a",15,130,116,116,",116,117,118,119,120,121,122,123,124,125,126,127,128,129,130,"
102,"CD4","DQA1*0201/DQB1*0202","KNPLLYDANYFLCWH","ORF3a","ORF3a",15,150,136,136,",136,137,138,139,140,141,142,143,144,145,146,147,148,149,150,"
103,"CD8","","QPYVFIKRSDARTAP","nsp1","ORF1a",15,80,66,66,",66,67,68,69,70,71,72,73,74,75,76,77,78,79,80,"
104,"CD4","DRB1*0101,*0103,*0701,,DQA1*0201/DQB1*0202,*0501/*0301","TNFTISVTTEILPVS","Spike","Spike",15,730,716,716,",716,717,718,719,720,721,722,723,724,725,726,727,728,729,730,"
105,"Undetermin","ed,DRB1*0701,,DQA1*0201/DQB1*0202","FDAYVNTFSSTFNVP","nsp3","ORF1a",15,2605,2591,1774,",2591,2592,2593,2594,2595,2596,2597,2598,2599,2600,2601,2602,2603,2604,2605,"
107,"CD4","DRB1*0701,*1301,,DQA1*0201/DQB1*0202,*0103/*0603","GCVIAWNSNNLDSKV","Spike","Spike",15,445,431,431,",431,432,433,434,435,436,437,438,439,440,441,442,443,444,445,"
108,"CD4","DQA1*0501/DQB1*0301","SEETGTLIVNSVLLF","E","E",15,20,6,6,",6,7,8,9,10,11,12,13,14,15,16,17,18,19,20,"
109,"CD4","DRB1*1303","LGVYYHKNNKSWMES","Spike","Spike",15,155,141,141,",141,142,143,144,145,146,147,148,149,150,151,152,153,154,155,"
110,"CD4","DRB1*0103,*0701","IAEILLIIMRTFKVS","ORF6","ORF6",15,25,11,11,",11,12,13,14,15,16,17,18,19,20,21,22,23,24,25,"
111,"Undetermin","ed,DQA1*0101/DQB1*0501","DNFKFVCDNIKFADD","nsp3","ORF1a",15,1940,1926,1109,",1926,1927,1928,1929,1930,1931,1932,1933,1934,1935,1936,1937,1938,1939,1940,"
112,"CD4","DRB1*0101,*0701,,DQA1*0501/DQB1*0301,*0103/*0603","QMAYRFNGIGVTQNV","Spike","Spike",15,915,901,901,",901,902,903,904,905,906,907,908,909,910,911,912,913,914,915,"
116,"CD4","DQA1*0101/DQB1*0501","VVIKVCEFQFCNDPF","Spike","Spike",15,140,126,126,",126,127,128,129,130,131,132,133,134,135,136,137,138,139,140,"
117,"CD4","","ECDIPIGAGICASYQ","Spike","Spike",15,675,661,661,",661,662,663,664,665,666,667,668,669,670,671,672,673,674,675,"
118,"CD4","","NTLLFLMSFTVLCLT","nsp4","ORF1a",15,3095,3081,319,",3081,3082,3083,3084,3085,3086,3087,3088,3089,3090,3091,3092,3093,3094,3095,"
119,"CD4","DRB1*0701,,DQA1*0201/DQB1*0202","ISSFKWDLTAFGLVA","nsp3","ORF1a",15,2325,2311,1494,",2311,2312,2313,2314,2315,2316,2317,2318,2319,2320,2321,2322,2323,2324,2325,"
122,"CD4","DRB1*0701","EAARYMRSLKVPATV","nsp3","ORF1a",15,1475,1461,644,",1461,1462,1463,1464,1465,1466,1467,1468,1469,1470,1471,1472,1473,1474,1475,"
123,"CD4","DRB1*0101,*1501,,DQA1*0101/DQB1*0501","SLFFFLYENAFLPFA","nsp6","ORF1a",15,3615,3601,33,",3601,3602,3603,3604,3605,3606,3607,3608,3609,3610,3611,3612,3613,3614,3615,"
124,"CD4","DQA1*0101/DQB1*0501","SVLHSTQDLFLPFFS","Spike","Spike",15,60,46,46,",46,47,48,49,50,51,52,53,54,55,56,57,58,59,60,"
125,"CD4","","AITILDGISQYSLRL","nsp2","ORF1a",15,580,566,387,",566,567,568,569,570,571,572,573,574,575,576,577,578,579,580,"
126,"CD4","DRB1*0404,*1001,,DQA1*0301/DQB1*0302,*0101/*0501","DTRYVLMDGSIIQFP","nsp4","ORF1a",15,2965,2951,189,",2951,2952,2953,2954,2955,2956,2957,2958,2959,2960,2961,2962,2963,2964,2965,"
127,"CD4","DRB1*0701,*1301,,DQA1*0103/DQB1*0603","LVYFLQSINFVRIIM","ORF3a","ORF3a",15,125,111,111,",111,112,113,114,115,116,117,118,119,120,121,122,123,124,125,"
128,"CD4","","YEQYIKWPWYIWLGF","Spike","Spike",15,1220,1206,1206,",1206,1207,1208,1209,1210,1211,1212,1213,1214,1215,1216,1217,1218,1219,1220,"
129,"CD4","DRB1*0103,*0701","REGVFVSNGTHWFVT","Spike","Spike",15,1105,1091,1091,",1091,1092,1093,1094,1095,1096,1097,1098,1099,1100,1101,1102,1103,1104,1105,"
130,"CD4","","TTAPAICHDGKAHFP","Spike","Spike",15,1090,1076,1076,",1076,1077,1078,1079,1080,1081,1082,1083,1084,1085,1086,1087,1088,1089,1090,"
133,"CD4","","SFTRGVYYPDKVFRS","Spike","Spike",15,45,31,31,",31,32,33,34,35,36,37,38,39,40,41,42,43,44,45,"
134,"CD4","DRB1*1501","CTLKSFTVEKGIYQT","Spike","Spike",15,315,301,301,",301,302,303,304,305,306,307,308,309,310,311,312,313,314,315,"
135,"CD4","DRB1*0101,*1501,,DQA1*0101/DQB1*0501,*0102/*0602","LCLFLLPSLATVAYF","nsp6","ORF1a",15,3650,3636,68,",3636,3637,3638,3639,3640,3641,3642,3643,3644,3645,3646,3647,3648,3649,3650,"
136,"CD4","DRB1*0101,*1501,,DQA1*0101/DQB1*0501","TLVYKVYYGNALDQA","nsp6","ORF1a",15,3730,3716,148,",3716,3717,3718,3719,3720,3721,3722,3723,3724,3725,3726,3727,3728,3729,3730,"
137,"CD4","DRB1*0101,,DQA1*0501/DQB1*0301","LLFNKVTLADAGFIK","Spike","Spike",15,835,821,821,",821,822,823,824,825,826,827,828,829,830,831,832,833,834,835,"
138,"CD4","","KAHFPREGVFVSNGT","Spike","Spike",15,1100,1086,1086,",1086,1087,1088,1089,1090,1091,1092,1093,1094,1095,1096,1097,1098,1099,1100,"
139,"CD4","DRB1*0101,*1101,,DQA1*0501/DQB1*0301","TLVKQLSSNFGAISS","Spike","Spike",15,975,961,961,",961,962,963,964,965,966,967,968,969,970,971,972,973,974,975,"
140,"CD4","","GKIADYNYKLPDDFT","Spike","Spike",15,430,416,416,",416,417,418,419,420,421,422,423,424,425,426,427,428,429,430,"
141,"CD4","","YNYKLPDDFTGCVIA","Spike","Spike",15,435,421,421,",421,422,423,424,425,426,427,428,429,430,431,432,433,434,435,"
16,"CD4","DRB1*0803,*1202","VLKKLKKSLNVAKSE","nsp8","ORF1a",15,3990,3976,35,",3976,3977,3978,3979,3980,3981,3982,3983,3984,3985,3986,3987,3988,3989,3990,"
19,"CD4","DRB1*0101,,DQA1*0102/DQB1*0602","ISPYNSQNAVASKIL","nsp13","ORF1b",15,1449,1435,513,",5836,5837,5838,5839,5840,5841,5842,5843,5844,5845,5846,5847,5848,5849,5850,"
26,"CD4","DRB1*0103,*0701","VKHVYQLRARSVSPK","ORF7a","ORF7a",15,85,71,71,",71,72,73,74,75,76,77,78,79,80,81,82,83,84,85,"
48,"CD4","DRB1*0103,*0701","REEAIRHVRAWIGFD","nsp14","ORF1b",15,1614,1600,77,",6001,6002,6003,6004,6005,6006,6007,6008,6009,6010,6011,6012,6013,6014,6015,"
50,"CD4","DRB1*0101,*1501,,DQA1*0101/DQB1*0501,*0102/*0602","TQLCQYLNTLTLAVP","nsp16","ORF1b",15,2459,2445,49,",6846,6847,6848,6849,6850,6851,6852,6853,6854,6855,6856,6857,6858,6859,6860,"
65,"CD4","DRB1*0701,*1301,,DQA1*0103/DQB1*0603","LIVTALRANSAVKLQ","nsp8","ORF1a",15,4140,4126,185,",4126,4127,4128,4129,4130,4131,4132,4133,4134,4135,4136,4137,4138,4139,4140,"
70,"CD4","DRB1*0803,*1501,,DQA1*0501/DQB1*0301,*0102/*0602","NVNRFNVAITRAKVG","nsp13","ORF1b",15,1494,1480,558,",5881,5882,5883,5884,5885,5886,5887,5888,5889,5890,5891,5892,5893,5894,5895,"
77,"CD8","","QIDGYVMHANYIFWR","nsp16","ORF1b",15,2629,2615,219,",7016,7017,7018,7019,7020,7021,7022,7023,7024,7025,7026,7027,7028,7029,7030,"
78,"CD4","DRB1*0101,*1101","NMFITREEAIRHVRA","nsp14","ORF1b",15,1609,1595,72,",5996,5997,5998,5999,6000,6001,6002,6003,6004,6005,6006,6007,6008,6009,6010,"
87,"CD4","DRB1*0404","EIIKSQDLSVVSKVV","nsp15","ORF1b",15,2369,2355,305,",6756,6757,6758,6759,6760,6761,6762,6763,6764,6765,6766,6767,6768,6769,6770,"
96,"CD4","","LYSPIFLIVAAIVFI","ORF7a","ORF7a",15,110,96,96,",96,97,98,99,100,101,102,103,104,105,106,107,108,109,110,"
114,"CD4","","MKIILFLALITLATC","ORF7a","ORF7a",15,15,1,1,",1,2,3,4,5,6,7,8,9,10,11,12,13,14,15,"
121,"CD4","DRB1*0803,*1202,,DQA1*0501/DQB1*0301,*0103/*0601","PLMYKGLPWNVVRIK","nsp14","ORF1b",15,1689,1675,152,",6076,6077,6078,6079,6080,6081,6082,6083,6084,6085,6086,6087,6088,6089,6090,"
132,"CD4","DRB1*0701,*1301,,DQA1*0103/DQB1*0603","TSHKLVLSVNPYVCN","nsp13","ORF1b",15,974,960,38,",5361,5362,5363,5364,5365,5366,5367,5368,5369,5370,5371,5372,5373,5374,5375,"
